{"cameraMode":{"drawMode":0,"name":"Shaded","section":"Shading Mode"},"sceneLighting":false,"audioPlay":false,"sceneViewState":{"showFog":true,"showMaterialUpdate":false,"showSkybox":false,"showFlares":true,"showImageEffects":true,"showParticleSystems":true},"in2DMode":false,"pivot":{"x":-2.5419743061065676,"y":2.214156150817871,"z":-3.762361526489258},"rotation":{"x":-0.022916479036211969,"y":-0.9763707518577576,"z":-0.1318732351064682,"w":0.16966001689434052},"size":10.680767059326172,"orthographic":false}