{"cameraMode":{"drawMode":0,"name":"Shaded","section":"Shading Mode"},"sceneLighting":false,"audioPlay":false,"sceneViewState":{"showFog":true,"showMaterialUpdate":false,"showSkybox":false,"showFlares":true,"showImageEffects":true,"showParticleSystems":true},"in2DMode":false,"pivot":{"x":-1.1920928955078126e-7,"y":-0.13350380957126618,"z":0.42994463443756106},"rotation":{"x":0.1131710410118103,"y":-0.8868282437324524,"z":0.31644007563591006,"w":0.31716516613960268},"size":2.5759100914001467,"orthographic":false}