{"cameraMode":{"drawMode":0,"name":"Shaded","section":"Shading Mode"},"sceneLighting":false,"audioPlay":false,"sceneViewState":{"showFog":true,"showMaterialUpdate":false,"showSkybox":false,"showFlares":true,"showImageEffects":true,"showParticleSystems":true},"in2DMode":false,"pivot":{"x":-13.032323837280274,"y":5.967868804931641,"z":10.093331336975098},"rotation":{"x":0.12263786047697067,"y":-0.875520646572113,"z":0.2987328767776489,"w":0.3594193458557129},"size":26.224090576171876,"orthographic":false}