{"cameraMode":{"drawMode":0,"name":"Shaded","section":"Shading Mode"},"sceneLighting":false,"audioPlay":false,"sceneViewState":{"showFog":true,"showMaterialUpdate":false,"showSkybox":false,"showFlares":true,"showImageEffects":true,"showParticleSystems":true},"in2DMode":false,"pivot":{"x":-0.5598965287208557,"y":1.5236215591430665,"z":4.013805866241455},"rotation":{"x":-0.05380480736494064,"y":-0.6946565508842468,"z":-0.052242524921894076,"w":0.7154215574264526},"size":10.441118240356446,"orthographic":false}